{"stats":{"minecraft:custom":{"minecraft:jump":26,"minecraft:time_since_rest":903,"minecraft:damage_dealt":40,"minecraft:sprint_one_cm":5982,"minecraft:play_time":903,"minecraft:damage_taken":20,"minecraft:time_since_death":903,"minecraft:walk_one_cm":5066,"minecraft:total_world_time":903,"minecraft:fall_one_cm":627,"minecraft:fly_one_cm":5785},"minecraft:mined":{"minecraft:tall_grass":1,"minecraft:short_grass":11,"minecraft:grass_block":1,"minecraft:sand":3},"minecraft:used":{"minecraft:dirt":1,"minecraft:sand":1},"minecraft:picked_up":{"minecraft:sand":1,"minecraft:dirt":1}},"DataVersion":3700}