{"stats":{"minecraft:custom":{"minecraft:time_since_rest":1651,"minecraft:crouch_one_cm":81,"minecraft:play_time":4048,"minecraft:sprint_one_cm":8512,"minecraft:walk_one_cm":18309,"minecraft:damage_taken":489,"minecraft:deaths":1,"minecraft:sneak_time":21,"minecraft:jump":92,"minecraft:damage_dealt":196,"minecraft:leave_game":1,"minecraft:time_since_death":1616,"minecraft:total_world_time":4048,"minecraft:fly_one_cm":6883,"minecraft:fall_one_cm":3789},"minecraft:killed_by":{"minecraft:zombie":1},"minecraft:mined":{"minecraft:short_grass":1,"minecraft:grass_block":12,"minecraft:dirt":10,"minecraft:tall_grass":4,"minecraft:dandelion":3,"minecraft:cornflower":1},"minecraft:picked_up":{"minecraft:dandelion":3,"minecraft:cornflower":1,"minecraft:dirt":21},"minecraft:used":{"minecraft:cornflower":1,"minecraft:dirt":20,"minecraft:dandelion":1}},"DataVersion":3700}